{"Name":"","CurrentCycle":5,"SavedObjects":[{"Name":"Event1","Position":{"x":0.5651973485946655,"y":1.3968826532363892,"z":-5.8020453453063969},"Rotation":{"x":0.0,"y":0.0,"z":0.0,"w":1.0},"Scale":{"x":1.0,"y":1.0,"z":1.0},"PrefabPath":"","IsActivated":false,"PostItText":"","EventInteractionsTofix":["Button"],"EventInteractionsToBreak":["Button (1)"]},{"Name":"Kilometer","Position":{"x":0.0,"y":0.0,"z":0.0},"Rotation":{"x":0.0,"y":0.0,"z":0.0,"w":1.0},"Scale":{"x":1.0,"y":1.0,"z":1.0},"PrefabPath":"","IsActivated":false,"PostItText":"","EventInteractionsTofix":[],"EventInteractionsToBreak":[]}]}